{
  "feature_columns": [
    "ret_1",
    "ret_3",
    "ret_5",
    "ret_10",
    "ret_20",
    "body_pct",
    "upper_shadow_pct",
    "lower_shadow_pct",
    "range_pct",
    "gap_pct",
    "close_pos",
    "ma5_gap",
    "ma10_gap",
    "ma20_gap",
    "ma60_gap",
    "ma5_vs_ma20",
    "dist_high_20",
    "dist_low_20",
    "volatility_5",
    "volatility_20",
    "atr14_pct",
    "rsi14",
    "macd_diff",
    "macd_hist",
    "volume_ratio_5",
    "volume_ratio_20",
    "streak_signed",
    "benchmark_ret_5",
    "relative_strength_5",
    "window_return_20",
    "window_volatility_20",
    "up_days_ratio_20",
    "down_days_ratio_20",
    "avg_body_pct_20",
    "avg_range_pct_20",
    "volume_trend_20"
  ],
  "mean": [
    -0.00029793469002470374,
    -0.0008214300032705069,
    -0.0013801686000078917,
    -0.002789438934996724,
    -0.005442415364086628,
    0.00015511058154515922,
    0.28541240096092224,
    0.2571153938770294,
    0.023756325244903564,
    -0.00044945679837837815,
    0.4633167088031769,
    -0.0010271500796079636,
    -0.0022174715995788574,
    -0.004592830315232277,
    -0.012170260772109032,
    -0.003892689710482955,
    -0.0663830041885376,
    0.06451964378356934,
    0.016822418197989464,
    0.018477318808436394,
    0.02607039175927639,
    47.49437713623047,
    -1.6791601181030273,
    -0.06998731940984726,
    1.0042502880096436,
    1.0132482051849365,
    -0.30535924434661865,
    -0.0011097355745732784,
    -0.0002704328508116305,
    -0.005442415364086628,
    0.018477318808436394,
    0.45481449365615845,
    0.5349234342575073,
    0.00018490746151655912,
    0.023936569690704346,
    0.1788819432258606
  ],
  "std": [
    0.022368429228663445,
    0.039168957620859146,
    0.0506412535905838,
    0.071057990193367,
    0.09964355081319809,
    0.01696842908859253,
    0.21983854472637177,
    0.2007651925086975,
    0.014128963463008404,
    0.014867720194160938,
    0.2969774901866913,
    0.027165789157152176,
    0.041204582899808884,
    0.059401966631412506,
    0.10494155436754227,
    0.04818332567811012,
    0.06414511799812317,
    0.07044398039579391,
    0.014748028479516506,
    0.012955213896930218,
    0.015107558108866215,
    12.25361156463623,
    17.879291534423828,
    11.522818565368652,
    0.3032916188240051,
    0.4247658848762512,
    2.3679709434509277,
    0.03746294975280762,
    0.04120612516999245,
    0.09964355081319809,
    0.012955213896930218,
    0.10577937215566635,
    0.10724365711212158,
    0.0037717637605965137,
    0.009717744775116444,
    0.7478843331336975
  ],
  "inv_var": [
    1998.6143798828125,
    651.8024291992188,
    389.9339904785156,
    198.0496826171875,
    100.71672821044922,
    3473.09521484375,
    20.691516876220703,
    24.809795379638672,
    5009.3271484375,
    4523.8818359375,
    11.338430404663086,
    1355.050048828125,
    588.9913940429688,
    283.3990173339844,
    90.80400085449219,
    430.7313232421875,
    243.03721618652344,
    201.51724243164062,
    4597.609375,
    5958.1416015625,
    4381.38525390625,
    0.006659962236881256,
    0.0031282349955290556,
    0.007531518582254648,
    10.87124252319336,
    5.542436599731445,
    0.1783393770456314,
    712.5183715820312,
    588.9473266601562,
    100.71672821044922,
    5958.1416015625,
    89.37129211425781,
    86.94743347167969,
    70292.8359375,
    10589.3427734375,
    1.7878501415252686
  ]
}